instances;name;agentes;status_1;vars_makespan_1;clauses_makespan_1;cost_makespan_1;time_makespan_1;vars_soc_1;clauses_soc_1;cost_soc_1;time_soc_1;status_2;vars_makespan_2;clauses_makespan_2;cost_makespan_2;time_makespan_2;vars_soc_2;clauses_soc_2;cost_soc_2;time_soc_2;status_3;vars_makespan_3;clauses_makespan_3;cost_makespan_3;time_makespan_3;vars_soc_3;clauses_soc_3;cost_soc_3;time_soc_3;status_4;vars_makespan_4;clauses_makespan_4;cost_makespan_4;time_makespan_4;vars_soc_4;clauses_soc_4;cost_soc_4;time_soc_4;status_5;vars_makespan_5;clauses_makespan_5;cost_makespan_5;time_makespan_5;vars_soc_5;clauses_soc_5;cost_soc_5;time_soc_5;status_6;vars_makespan_6;clauses_makespan_6;cost_makespan_6;time_makespan_6;vars_soc_6;clauses_soc_6;cost_soc_6;time_soc_6;status_7;vars_makespan_7;clauses_makespan_7;cost_makespan_7;time_makespan_7;vars_soc_7;clauses_soc_7;cost_soc_7;time_soc_7;status_8;vars_makespan_8;clauses_makespan_8;cost_makespan_8;time_makespan_8;vars_soc_8;clauses_soc_8;cost_soc_8;time_soc_8;status_9;vars_makespan_9;clauses_makespan_9;cost_makespan_9;time_makespan_9;vars_soc_9;clauses_soc_9;cost_soc_9;time_soc_9;status_10;vars_makespan_10;clauses_makespan_10;cost_makespan_10;time_makespan_10;vars_soc_10;clauses_soc_10;cost_soc_10;time_soc_10;status_11;vars_makespan_11;clauses_makespan_11;cost_makespan_11;time_makespan_11;vars_soc_11;clauses_soc_11;cost_soc_11;time_soc_11;status_12;vars_makespan_12;clauses_makespan_12;cost_makespan_12;time_makespan_12;vars_soc_12;clauses_soc_12;cost_soc_12;time_soc_12;status_13;vars_makespan_13;clauses_makespan_13;cost_makespan_13;time_makespan_13;vars_soc_13;clauses_soc_13;cost_soc_13;time_soc_13
0;Instance-20-10-20-0;20;0;87009;684022;268;0.49;93359;764708;268;0.61;0;118205;645796;268;0.6;128959;713832;268;0.74;0;195883;799898;268;0.85;219168;897940;268;1.1;0;216578;756604;268;0.66;240666;838876;268;0.83;0;151715;686308;268;0.55;166767;759063;268;0.7;0;104975;678121;268;0.61;112990;751909;268;0.76;0;151715;686308;268;0.65;166767;759063;268;0.8;0;151715;686308;268;0.54;166767;759063;268;0.67;0;151715;686308;268;0.69;166767;759063;268;0.86;0;151715;686308;268;0.57;166767;759063;268;0.74;0;104975;678121;268;0.57;112990;751909;268;0.69;0;108271;888926;268;22.79;116502;991578;268;35.26;0;108271;970248;268;0.61;116502;1082388;268;0.77
1;Instance-20-10-20-3;20;0;100292;840309;244;0.65;120708;1116638;244;0.86;0;140421;788432;244;0.77;175345;1012306;244;0.98;0;240403;988363;244;1.07;319563;1324567;244;1.46;0;264294;926438;244;0.81;342868;1196158;244;1.08;0;182282;838236;244;0.75;231592;1077627;244;0.98;0;122033;829861;244;0.79;147387;1075856;244;1.03;0;182282;838236;244;0.76;231592;1077627;244;1;0;182282;838236;244;0.75;231592;1077627;244;0.98;0;182282;838236;244;0.8;231592;1077627;244;1.02;0;182282;838236;244;0.7;231592;1077627;244;0.98;0;122033;829861;244;0.71;147387;1075856;244;0.9;0;125730;1098491;244;32.92;151655;1442222;244;37.11;0;125730;1199283;244;0.83;151655;1574150;244;1.04
2;Instance-20-10-20-7;20;0;90428;718340;324;0.3;90428;718340;324;0.3;0;123133;676152;324;0.42;123133;676152;324;0.42;0;204775;839882;324;0.49;204775;839882;324;0.49;0;225397;791016;324;0.4;225397;791016;324;0.4;0;158072;718286;324;0.33;158072;718286;324;0.33;0;108958;709762;324;0.38;108958;709762;324;0.38;0;158072;718286;324;0.45;158072;718286;324;0.45;0;158072;718286;324;0.35;158072;718286;324;0.35;0;158072;718286;324;0.47;158072;718286;324;0.47;0;158072;718286;324;0.35;158072;718286;324;0.35;0;108958;709762;324;0.33;108958;709762;324;0.33;0;112426;931550;324;41.7;112426;931550;324;41.7;0;112426;1016492;324;0.38;112426;1016492;324;0.38
3;Instance-20-10-22-0;22;0;111741;1028389;330;0.43;111741;1028389;330;0.43;0;161103;919307;330;0.61;161103;919307;330;0.61;0;294421;1219526;330;0.78;294421;1219526;330;0.78;0;314598;1088327;330;0.62;314598;1088327;330;0.62;0;212533;979194;330;0.46;212533;979194;330;0.46;0;135881;980029;330;0.53;135881;980029;330;0.53;0;212533;979194;330;0.49;212533;979194;330;0.49;0;212533;979194;330;0.46;212533;979194;330;0.46;0;212533;979194;330;0.51;212533;979194;330;0.51;0;212533;979194;330;0.47;212533;979194;330;0.47;0;135881;980029;330;0.44;135881;980029;330;0.44;2;140137;1306634;-1;600;-1;-1;704;600;0;140137;1427008;330;0.54;140137;1427008;330;0.54
4;Instance-20-10-22-3;22;0;64310;431115;284;0.74;188164;2234374;270;1.15;0;81869;425682;284;0.83;295911;1808109;270;1.23;0;121492;493612;284;1.17;626050;2684200;270;1.93;0;137923;490672;284;0.96;625931;2160655;270;1.51;0;101630;450758;284;0.75;405522;1929660;270;1.19;0;76413;439979;284;0.84;229370;1983399;270;1.31;0;101630;450758;284;0.81;405522;1929660;270;1.53;0;101630;450758;284;0.73;405522;1929660;270;1.64;0;101630;450758;284;0.75;405522;1929660;270;1.19;0;101630;450758;284;0.69;405522;1929660;270;1.13;0;76413;439979;284;0.72;229370;1983399;270;1.83;0;79152;561778;284;12.66;235497;2723030;270;68.73;0;79152;613082;284;0.84;235497;2966962;270;1.26
5;Instance-20-10-22-7;22;0;73364;523557;266;0.41;79167;592171;266;0.53;0;96195;509933;266;0.54;105863;570043;266;0.67;0;149459;605867;266;0.59;169580;689199;266;0.79;0;168543;592841;266;0.5;190009;665651;266;0.65;0;121436;541389;266;0.43;134857;605652;266;0.55;0;88154;530227;266;0.46;95573;595259;266;0.59;0;121436;541389;266;0.45;134857;605652;266;0.56;0;121436;541389;266;0.45;134857;605652;266;0.56;0;121436;541389;266;0.47;134857;605652;266;0.59;0;121436;541389;266;0.44;134857;605652;266;0.56;0;88154;530227;266;0.45;95573;595259;266;0.55;0;91276;681746;266;21.51;98895;770247;266;21.77;0;91276;744674;266;0.49;98895;841541;266;0.61
6;Instance-20-10-24-0;24;0;48806;290776;279;0.15;48806;290776;279;0.15;0;58941;289703;279;0.16;58941;289703;279;0.16;0;81875;327537;279;0.19;81875;327537;279;0.19;0;91558;327937;279;0.18;91558;327937;279;0.18;0;71202;305656;279;0.15;71202;305656;279;0.15;0;56506;297665;279;0.17;56506;297665;279;0.17;0;71202;305656;279;0.17;71202;305656;279;0.17;0;71202;305656;279;0.16;71202;305656;279;0.16;0;71202;305656;279;0.15;71202;305656;279;0.15;0;71202;305656;279;0.14;71202;305656;279;0.14;0;56506;297665;279;0.15;56506;297665;279;0.15;0;58829;366521;279;7.92;58829;366521;279;7.92;0;58829;399635;279;0.16;58829;399635;279;0.16
7;Instance-20-10-24-3;24;0;116638;1121057;330;0.89;132935;1369836;330;1.12;0;170784;991141;330;0.95;199388;1176717;330;1.18;0;319351;1332480;330;1.43;388763;1635142;330;1.91;0;338151;1174309;330;1.05;403859;1398495;330;1.35;0;226984;1056051;330;0.91;267839;1254646;330;1.14;0;142241;1059599;330;0.99;162193;1267762;330;1.23;0;226984;1056051;330;1.04;267839;1254646;330;1.31;0;226984;1056051;330;0.9;267839;1254646;330;1.17;0;226984;1056051;330;0.99;267839;1254646;330;1.25;0;226984;1056051;330;0.94;267839;1254646;330;1.26;0;142241;1059599;330;0.83;162193;1267762;330;1.06;1;146798;1413319;330;79.3;167249;1702513;330;600;0;146798;1543601;330;0.98;167249;1858917;330;1.26
8;Instance-20-10-24-7;24;0;129586;1301184;381;0.62;129586;1301184;381;0.62;0;193036;1127554;381;0.71;193036;1127554;381;0.71;0;371634;1552718;381;1.05;371634;1552718;381;1.05;0;389230;1341382;381;0.82;389230;1341382;381;0.82;0;258462;1202466;381;0.64;258462;1202466;381;0.64;0;158279;1213302;381;0.68;158279;1213302;381;0.68;0;258462;1202466;381;1.22;258462;1202466;381;1.22;0;258462;1202466;381;0.66;258462;1202466;381;0.66;0;258462;1202466;381;1.23;258462;1202466;381;1.23;0;258462;1202466;381;0.67;258462;1202466;381;0.67;0;158279;1213302;381;0.57;158279;1213302;381;0.57;2;163251;1631160;-1;600;-1;-1;815;600;0;163251;1781380;381;0.76;163251;1781380;381;0.76
9;Instance-20-10-26-0;26;0;135787;1474066;299;0.6;135787;1474066;299;0.6;0;206889;1232976;299;0.64;206889;1232976;299;0.64;0;415986;1763432;299;0.99;415986;1763432;299;0.99;0;424843;1467812;299;0.72;424843;1467812;299;0.72;0;279633;1314887;299;0.6;279633;1314887;299;0.6;0;165312;1337354;299;0.66;165312;1337354;299;0.66;0;279633;1314887;299;0.67;279633;1314887;299;0.67;0;279633;1314887;299;0.61;279633;1314887;299;0.61;0;279633;1314887;299;0.64;279633;1314887;299;0.64;0;279633;1314887;299;0.63;279633;1314887;299;0.63;0;165312;1337354;299;0.57;165312;1337354;299;0.57;3;170631;1796904;-1;600;-1;-1;-1;600;0;170631;1961522;299;0.71;170631;1961522;299;0.71
10;Instance-20-10-26-3;26;0;83920;665905;325;0.3;83920;665905;325;0.3;0;115118;631859;325;0.37;115118;631859;325;0.37;0;191132;780167;325;0.44;191132;780167;325;0.44;0;212819;742019;325;0.4;212819;742019;325;0.4;0;148398;672189;325;0.33;148398;672189;325;0.33;0;102046;662098;325;0.36;102046;662098;325;0.36;0;148398;672189;325;0.35;148398;672189;325;0.35;0;148398;672189;325;0.33;148398;672189;325;0.33;0;148398;672189;325;0.33;148398;672189;325;0.33;0;148398;672189;325;0.33;148398;672189;325;0.33;0;102046;662098;325;0.31;102046;662098;325;0.31;0;105945;858939;325;29;105945;858939;325;29;0;105945;940169;325;0.35;105945;940169;325;0.35
11;Instance-20-10-26-7;26;0;154888;1816037;353;1.36;164468;1982650;353;1.69;0;241789;1462412;353;1.35;258972;1575189;353;1.68;0;507772;2178914;353;2.44;552373;2380923;353;3.16;0;508019;1747402;353;1.57;548874;1884891;353;1.97;0;330288;1560904;353;1.29;355052;1681637;353;1.66;0;188372;1598821;353;1.42;199870;1727730;353;1.77;0;330288;1560904;353;1.81;355052;1681637;353;2.24;0;330288;1560904;353;1.35;355052;1681637;353;1.75;0;330288;1560904;353;1.8;355052;1681637;353;2.18;0;330288;1560904;353;1.32;355052;1681637;353;1.85;0;188372;1598821;353;1.25;199870;1727730;353;1.6;3;194164;2160743;-1;600;-1;-1;-1;600;0;194164;2358137;353;1.49;205922;2555690;353;1.87
12;Instance-20-10-28-0;28;0;77600;592127;432;0.6;108194;1017944;432;0.81;0;103977;564436;432;0.65;157359;907164;432;0.87;0;168762;689894;432;0.88;290563;1208696;432;1.26;0;187561;659334;432;0.74;309941;1075000;432;1;0;132972;600036;432;0.58;208602;966790;432;0.81;0;93636;590609;432;0.64;132164;967894;432;0.88;0;132972;600036;432;0.68;208602;966790;432;0.89;0;132972;600036;432;0.59;208602;966790;432;0.83;0;132972;600036;432;0.69;208602;966790;432;0.93;0;132972;600036;432;0.59;208602;966790;432;0.87;0;93636;590609;432;0.55;132164;967894;432;0.75;0;97447;758523;432;33.27;137092;1273614;432;62.97;0;97447;829809;432;0.7;137092;1393064;432;0.92
13;Instance-20-10-28-3;28;0;140973;1598017;369;1.42;191452;2510757;369;1.95;0;217363;1304980;369;1.43;308471;1906044;369;1.96;0;448295;1914695;369;2.31;688923;3019430;369;3.29;0;451535;1556298;369;1.59;665559;2284178;369;2.21;0;295637;1392610;369;1.33;427190;2035965;369;1.91;0;171486;1423444;369;1.5;231607;2111357;369;2.07;0;295637;1392610;369;2.02;427190;2035965;369;2.71;0;295637;1392610;369;1.31;427190;2035965;369;2.07;0;295637;1392610;369;1.9;427190;2035965;369;2.48;0;295637;1392610;369;1.3;427190;2035965;369;1.88;0;171486;1423444;369;1.24;231607;2111357;369;1.78;3;177238;1914658;-1;600;-1;-1;-1;600;0;177238;2090298;369;1.53;238660;3140695;369;2
14;Instance-20-10-28-7;28;0;132052;1401606;464;1.01;151195;1724653;464;1.29;0;199696;1182737;464;1.1;234056;1408166;464;1.37;0;395483;1674337;464;1.83;483135;2066662;464;2.46;0;407511;1407771;464;1.3;487779;1680676;464;1.7;0;268978;1261319;464;1.06;318465;1502644;464;1.38;0;161074;1278837;464;1.22;184222;1534344;464;1.54;0;268978;1261319;464;1.13;318465;1502644;464;1.48;0;268978;1261319;464;1.11;318465;1502644;464;1.46;0;268978;1261319;464;1.18;318465;1502644;464;1.5;0;268978;1261319;464;1.07;318465;1502644;464;1.47;0;161074;1278837;464;1.06;184222;1534344;464;1.38;3;166707;1703253;-1;600;-1;-1;-1;600;0;166707;1860983;464;1.21;190398;2249489;464;1.53
15;Instance-20-10-30-0;30;0;149314;1723882;465;1.59;203251;2733852;465;2.18;0;232507;1390400;465;1.41;330493;2035444;465;1.98;0;485221;2069704;465;2.58;748728;3291105;465;3.63;0;487984;1664708;465;1.8;719016;2446592;465;2.43;0;317228;1485036;465;1.45;459169;2175896;465;2.06;0;182128;1520591;465;1.6;246010;2261580;465;2.21;0;317228;1485036;465;2.17;459169;2175896;465;2.72;0;317228;1485036;465;1.5;459169;2175896;465;2.04;0;317228;1485036;465;2.13;459169;2175896;465;2.76;0;317228;1485036;465;1.47;459169;2175896;465;2.23;0;182128;1520591;465;1.65;246010;2261580;465;2.28;3;188401;2043931;-1;600;-1;-1;-1;600;0;188401;2233605;465;1.64;253745;3371232;465;2.16
16;Instance-20-10-30-3;30;0;126165;1368610;429;1.08;156179;1897374;429;1.44;0;191961;1140864;429;1.14;245954;1497434;429;1.49;0;385805;1636776;429;2.08;526661;2277577;429;2.75;0;394068;1358832;429;1.66;520499;1790150;429;2.08;0;259283;1216712;429;1.17;337301;1598502;429;1.54;0;153528;1237917;429;1.31;189558;1645030;429;1.68;0;259283;1216712;429;2.77;337301;1598502;429;3.18;0;259283;1216712;429;1.23;337301;1598502;429;1.61;0;259283;1216712;429;2.62;337301;1598502;429;3.01;0;259283;1216712;429;1.21;337301;1598502;429;1.69;0;153528;1237917;429;1.22;189558;1645030;429;1.55;3;159090;1648823;-1;600;-1;-1;-1;600;0;159090;1801319;429;1.22;196008;2417023;429;1.59
17;Instance-20-10-30-7;30;0;119631;1216260;456;1.05;158022;1869447;456;1.41;0;178409;1047601;456;1.11;247298;1499760;456;1.48;0;345591;1450867;456;1.79;522148;2243748;456;2.51;0;360308;1245415;456;1.23;520641;1791950;456;1.72;0;239271;1117110;456;1.1;338434;1601071;456;1.52;0;145883;1127967;456;1.17;192267;1642936;456;1.58;0;239271;1117110;456;1.88;338434;1601071;456;2.61;0;239271;1117110;456;1.14;338434;1601071;456;1.83;0;239271;1117110;456;1.7;338434;1601071;456;2.12;0;239271;1117110;456;1.08;338434;1601071;456;1.68;0;145883;1127967;456;0.99;192267;1642936;456;1.62;2;151374;1494388;-1;600;-1;-1;929;600;0;151374;1633620;456;1.24;198873;2408863;456;1.63
18;Instance-20-10-32-0;32;0;67420;509549;417;0.48;89686;819973;417;0.64;0;89759;481362;417;0.5;128418;727633;417;0.65;0;145673;593302;417;0.74;234115;971309;417;1.01;0;160764;561812;417;0.54;248925;860533;417;0.76;0;114376;511479;417;0.52;169110;775232;417;0.67;0;80789;504452;417;0.71;108895;776894;417;0.89;0;114376;511479;417;1.16;169110;775232;417;1.38;0;114376;511479;417;0.52;169110;775232;417;0.71;0;114376;511479;417;1.18;169110;775232;417;1.34;0;114376;511479;417;0.5;169110;775232;417;0.73;0;80789;504452;417;0.62;108895;776894;417;0.79;0;84468;640088;417;24.15;113558;1009327;417;35.55;0;84468;700922;417;0.52;113558;1104949;417;0.7
19;Instance-20-10-32-3;32;0;122912;1343254;438;0.95;132507;1508340;438;1.19;0;186932;1109283;438;0.97;204157;1221866;438;1.21;0;377144;1606031;438;1.81;421406;1806168;438;2.36;0;383831;1321857;438;1.21;424166;1458394;438;1.52;0;252776;1183672;438;1.03;277559;1304197;438;1.3;0;149701;1205415;438;1.04;161259;1333253;438;1.31;0;252776;1183672;438;1.1;277559;1304197;438;1.4;0;252776;1183672;438;1.02;277559;1304197;438;1.31;0;252776;1183672;438;1.08;277559;1304197;438;1.39;0;252776;1183672;438;1.03;277559;1304197;438;1.49;0;149701;1205415;438;0.89;161259;1333253;438;1.13;3;155404;1599134;-1;600;-1;-1;-1;600;0;155404;1748022;438;1.14;167260;1938940;438;1.41
20;Instance-20-10-32-7;32;0;117269;1193981;442;2.14;409243;7323314;421;3.48;0;175819;1026427;442;1.94;710299;4570752;421;3.22;0;342400;1427526;442;3.68;1841962;8773519;421;6.26;0;355713;1221479;442;2.22;1619303;5512064;421;3.7;0;236241;1095263;442;1.88;1013023;4890962;421;3.21;0;143199;1106898;442;2.18;481847;5189661;421;3.56;0;236241;1095263;442;2.01;1013023;4890962;421;3.71;0;236241;1095263;442;1.95;1013023;4890962;421;3.62;0;236241;1095263;442;1.98;1013023;4890962;421;3.38;0;236241;1095263;442;1.93;1013023;4890962;421;3.36;0;143199;1106898;442;1.84;481847;5189661;421;3.59;2;148802;1463991;-1;600;-1;-1;958;600;0;148802;1601913;442;2.32;494700;7907252;421;3.47
21;Instance-20-10-34-0;34;0;93856;895105;428;1.4;232342;3553197;428;2.28;0;136833;786322;428;1.26;388085;2446387;428;2.03;0;255366;1063683;428;2.15;933661;4266437;428;3.56;0;269610;931792;428;1.46;861151;2941919;428;2.38;0;181552;838109;428;1.21;545302;2615525;428;2.07;0;114324;841745;428;1.39;278131;2752837;428;2.29;0;181552;838109;428;1.93;545302;2615525;428;2.77;0;181552;838109;428;1.31;545302;2615525;428;2.14;0;181552;838109;428;1.88;545302;2615525;428;2.75;0;181552;838109;428;1.26;545302;2615525;428;2.39;0;114324;841745;428;1.25;278131;2752837;428;2.13;1;119266;1098102;428;50.94;287041;3765300;428;600;0;119266;1202058;428;1.39;287041;4104004;428;2.16
22;Instance-20-10-34-3;34;0;119062;1323542;475;0.92;129052;1499882;475;1.15;0;181037;1081228;475;0.97;199018;1199965;475;1.2;0;368163;1580658;475;1.62;414749;1793999;475;2.13;0;371431;1286168;475;1.12;413568;1429919;475;1.41;0;244866;1153072;475;0.96;270776;1280143;475;1.21;0;144356;1176430;475;1.05;156394;1311506;475;1.31;0;244866;1153072;475;1.16;270776;1280143;475;1.42;0;244866;1153072;475;0.99;270776;1280143;475;1.27;0;244866;1153072;475;1.17;270776;1280143;475;1.46;0;244866;1153072;475;0.95;270776;1280143;475;1.29;0;144356;1176430;475;0.98;156394;1311506;475;1.22;3;150110;1550910;-1;600;-1;-1;-1;600;0;150110;1694956;475;1.06;162500;1898276;475;1.32
23;Instance-20-10-34-7;34;0;92968;842743;522;1.24;209194;2980225;522;2.23;0;132830;751269;522;1.66;343559;2143385;522;3;0;241250;998161;522;2.19;798118;3580633;522;4.06;0;256433;887385;522;1.7;752389;2573841;522;3.37;0;174846;800421;522;1.61;479412;2290722;522;2.86;0;112773;800906;522;1.67;251746;2391397;522;2.89;0;174846;800421;522;2.78;479412;2290722;522;4.67;0;174846;800421;522;1.7;479412;2290722;522;4.32;0;174846;800421;522;2.71;479412;2290722;522;3.97;0;174846;800421;522;1.39;479412;2290722;522;3.5;0;112773;800906;522;1.48;251746;2391397;522;3.37;2;117804;1032544;-1;600;-1;-1;915;600;0;117804;1131128;522;1.35;260222;3536267;522;2.56
24;Instance-20-10-36-0;36;0;137133;1626394;515;1.74;259483;4192473;515;2.73;0;213598;1281984;515;1.67;438524;2775316;515;2.91;0;451807;1950040;515;3.07;1083276;5028955;515;5.05;0;447899;1532840;515;2.01;982064;3342922;515;3.34;0;291793;1369151;515;1.76;619055;2968536;515;3.1;0;166437;1406225;515;1.98;309197;3143892;515;3.09;0;291793;1369151;515;2.61;619055;2968536;515;4.62;0;291793;1369151;515;1.79;619055;2968536;515;4.14;0;291793;1369151;515;2.54;619055;2968536;515;3.89;0;291793;1369151;515;1.69;619055;2968536;515;2.99;0;166437;1406225;515;1.7;309197;3143892;515;3.91;3;173045;1871246;-1;600;-1;-1;-1;600;0;173045;2045812;515;2.07;319116;4691212;515;3.12
25;Instance-20-10-36-3;36;0;113821;1241432;498;0.9;123881;1418261;498;1.13;0;172800;1025799;498;0.87;190933;1145286;498;1.1;0;348829;1484194;498;1.5;395871;1698410;498;2.01;0;354078;1221165;498;0.99;396606;1365904;498;1.27;0;233563;1094316;498;0.96;259705;1222217;498;1.22;0;138281;1115063;498;0.99;150384;1251068;498;1.26;0;233563;1094316;498;1.39;259705;1222217;498;1.63;0;233563;1094316;498;0.96;259705;1222217;498;1.21;0;233563;1094316;498;1.31;259705;1222217;498;1.56;0;233563;1094316;498;1.02;259705;1222217;498;1.29;0;138281;1115063;498;0.8;150384;1251068;498;1;3;144021;1466696;-1;600;-1;-1;-1;600;0;144021;1604018;498;1.02;156472;1805923;498;1.27
26;Instance-20-10-36-7;36;0;182446;2567089;475;2.2;247353;3994252;475;2.97;0;297788;1858187;475;1.88;417633;2661376;475;2.59;0;687006;3081742;475;3.86;1029944;4788822;475;5.37;0;649074;2228335;475;2.28;934568;3200936;475;3.2;0;414696;1985188;475;2.04;589441;2845163;475;2.89;0;219392;2069724;475;2.2;294552;3008535;475;3;0;414696;1985188;475;3.62;589441;2845163;475;4.97;0;414696;1985188;475;2.21;589441;2845163;475;3.82;0;414696;1985188;475;3.53;589441;2845163;475;4.38;0;414696;1985188;475;2.1;589441;2845163;475;3.19;0;219392;2069724;475;2.01;294552;3008535;475;3.13;3;227116;2795098;-1;600;-1;-1;-1;600;0;227116;3049536;475;2.34;304001;4484215;475;3.08
27;Instance-20-10-38-0;38;0;131928;1583777;452;0.66;131928;1583777;452;0.66;0;207064;1247671;452;0.61;207064;1247671;452;0.61;0;441377;1901594;452;1.12;441377;1901594;452;1.12;0;436867;1492939;452;0.89;436867;1492939;452;0.89;0;283706;1332681;452;0.62;283706;1332681;452;0.62;0;160130;1368319;452;0.65;160130;1368319;452;0.65;0;283706;1332681;452;0.65;283706;1332681;452;0.65;0;283706;1332681;452;0.64;283706;1332681;452;0.64;0;283706;1332681;452;0.63;283706;1332681;452;0.63;0;283706;1332681;452;0.62;283706;1332681;452;0.62;0;160130;1368319;452;0.63;160130;1368319;452;0.63;3;166703;1816248;-1;600;-1;-1;-1;600;0;166703;1986430;452;0.77;166703;1986430;452;0.77
28;Instance-20-10-38-3;38;0;95789;936166;544;0.86;125848;1454034;544;1.12;0;140450;806710;544;0.79;194723;1160231;544;1.04;0;267525;1114990;544;1.54;406797;1743338;544;2.06;0;278411;957118;544;1.13;405904;1386657;544;1.51;0;187225;860573;544;0.84;265394;1239257;544;1.1;0;116343;867909;544;0.92;152833;1269518;544;1.22;0;187225;860573;544;1.18;265394;1239257;544;1.49;0;187225;860573;544;0.83;265394;1239257;544;1.14;0;187225;860573;544;1.19;265394;1239257;544;1.48;0;187225;860573;544;0.83;265394;1239257;544;1.19;0;116343;867909;544;0.86;152833;1269518;544;1.11;1;121708;1125793;544;98.16;159340;1677282;544;600;0;121708;1233747;544;1.01;159340;1835598;544;1.31
29;Instance-20-10-38-7;38;0;124344;1419093;504;1.61;206433;3070466;504;2.27;0;191591;1145744;504;1.4;341817;2142553;504;2.01;0;395657;1698785;504;2.56;809662;3684692;504;3.81;0;397745;1367354;504;1.72;754659;2576647;504;2.48;0;260384;1222916;504;1.54;478555;2290288;504;2.23;0;151263;1249768;504;1.62;247772;2404893;504;2.32;0;260384;1222916;504;3.19;478555;2290288;504;4.15;0;260384;1222916;504;1.66;478555;2290288;504;2.74;0;260384;1222916;504;3.21;478555;2290288;504;3.94;0;260384;1222916;504;1.5;478555;2290288;504;2.93;0;151263;1249768;504;1.44;247772;2404893;504;2.4;3;157607;1647817;-1;600;-1;-1;-1;600;0;157607;1802341;504;1.59;256583;3544263;504;2.24
30;Instance-20-10-40-0;40;0;66504;544020;457;1.89;357024;6958021;443;3.66;0;91873;504494;457;1.5;625214;4049752;443;3.56;0;157057;639886;457;3.1;1676427;8291696;443;6.18;0;171583;593630;457;1.85;1436499;4888230;443;4.07;0;118996;536930;457;1.54;894718;4333528;443;3.41;0;80399;531954;457;1.71;419030;4706810;443;3.64;0;118996;536930;457;2.24;894718;4333528;443;8.1;0;118996;536930;457;1.56;894718;4333528;443;8.02;0;118996;536930;457;2.27;894718;4333528;443;4.37;0;118996;536930;457;1.49;894718;4333528;443;4.25;0;80399;531954;457;1.54;419030;4706810;443;5.83;1;84553;671827;457;21.23;431738;6496515;457;600;0;84553;736995;457;1.88;431738;7064387;443;3.3
31;Instance-20-10-40-3;40;0;146990;1846047;572;1.95;253432;4203993;572;2.85;0;232563;1418263;572;1.66;429424;2739427;572;2.45;0;505369;2213556;572;3.24;1070373;5033038;572;5.01;0;494446;1697211;572;2.37;962945;3295587;572;3.42;0;319730;1514560;572;1.72;606934;2929041;572;2.58;0;178008;1561985;572;1.89;301590;3115377;572;2.78;0;319730;1514560;572;2.23;606934;2929041;572;3.34;0;319730;1514560;572;1.72;606934;2929041;572;2.85;0;319730;1514560;572;2.32;606934;2929041;572;3.28;0;319730;1514560;572;1.84;606934;2929041;572;2.91;0;178008;1561985;572;1.57;301590;3115377;572;2.5;3;185401;2071893;-1;600;-1;-1;-1;600;0;185401;2264787;572;2.06;311903;4613780;572;2.86
32;Instance-20-10-40-7;40;0;118814;1344969;569;1.32;177995;2517767;569;1.82;0;183026;1081174;569;1.38;291491;1796055;569;1.82;0;378450;1612614;569;2.25;675899;3025652;569;3.22;0;380427;1293504;569;1.98;637810;2161423;569;2.64;0;248786;1154943;569;1.24;406375;1920920;569;1.75;0;144474;1181324;569;1.53;214436;2009393;569;2.03;0;248786;1154943;569;3.4;406375;1920920;569;4.15;0;248786;1154943;569;1.33;406375;1920920;569;2.01;0;248786;1154943;569;3.24;406375;1920920;569;3.78;0;248786;1154943;569;1.26;406375;1920920;569;1.91;0;144474;1181324;569;1.42;214436;2009393;569;2.02;3;150870;1554907;-1;600;-1;-1;-1;600;0;150870;1702781;569;1.45;222716;2951045;569;1.91
33;Instance-20-10-42-0;42;0;131245;1593723;618;4.2;509577;11244941;618;8.82;0;205849;1235960;618;4.49;912846;5970356;618;9.36;0;440959;1911779;618;7.84;2581303;13334188;618;14.81;0;433770;1479246;618;4.74;2127189;7216982;618;9.62;0;281891;1320344;618;3.61;1317303;6392334;618;8.14;0;159091;1359843;618;3.29;591726;7057444;618;7.95;0;281891;1320344;618;12.21;1317303;6392334;618;20.68;0;281891;1320344;618;3.79;1317303;6392334;618;12.68;0;281891;1320344;618;11.15;1317303;6392334;618;16.26;0;281891;1320344;618;3.66;1317303;6392334;618;53.97;0;159091;1359843;618;3.13;591726;7057444;618;9.35;3;166177;1792720;-1;600;-1;-1;-1;600;0;166177;1961802;618;3.95;608418;10643355;618;12.28
34;Instance-20-10-42-3;42;0;128366;1606128;502;1.34;163724;2329802;502;1.77;0;201832;1221805;502;1.36;266555;1651098;502;1.76;0;438416;1924122;502;2.28;617544;2792789;502;3.12;0;426642;1461239;502;1.5;579634;1981162;502;2.03;0;276898;1304815;502;1.32;370886;1764596;502;1.74;0;154823;1347727;502;1.3;196635;1849068;502;1.74;0;276898;1304815;502;2.14;370886;1764596;502;2.82;0;276898;1304815;502;1.27;370886;1764596;502;1.85;0;276898;1304815;502;2.1;370886;1764596;502;2.58;0;276898;1304815;502;1.3;370886;1764596;502;1.82;0;154823;1347727;502;1.14;196635;1849068;502;1.64;3;161587;1780791;-1;600;-1;-1;-1;600;0;161587;1947071;502;1.4;204603;2695167;502;1.82
35;Instance-20-10-42-7;42;0;156423;2185961;546;3.27;350203;6998238;546;5.26;0;253663;1565084;546;3.35;615322;3995890;546;5.74;0;582908;2621281;546;5.26;1667072;8328736;546;9.09;0;550524;1878486;546;3.58;1418131;4825006;546;6.49;0;352479;1672735;546;2.86;881781;4275978;546;5.6;0;187928;1747081;546;3.3;410132;4662525;546;5.3;0;352479;1672735;546;5.85;881781;4275978;546;10.09;0;352479;1672735;546;3.02;881781;4275978;546;8.28;0;352479;1672735;546;5.73;881781;4275978;546;8.38;0;352479;1672735;546;2.78;881781;4275978;546;9.93;0;187928;1747081;546;2.96;410132;4662525;546;5.91;3;195593;2330154;-1;600;-1;-1;-1;600;0;195593;2545616;546;3.52;422822;6979131;546;6.1
36;Instance-20-10-44-0;44;0;113754;1266664;617;1.73;276558;4948997;617;3.07;0;174309;1032574;617;1.57;476025;3046358;617;2.74;0;356073;1516768;617;3.16;1228352;5913069;617;5.53;0;360244;1232934;617;2.1;1080965;3674952;617;3.77;0;236304;1102354;617;1.69;676672;3259283;617;2.94;0;138476;1124649;617;1.84;327195;3498682;617;3.17;0;236304;1102354;617;2.99;676672;3259283;617;6.54;0;236304;1102354;617;1.73;676672;3259283;617;4.66;0;236304;1102354;617;3.06;676672;3259283;617;4.49;0;236304;1102354;617;1.55;676672;3259283;617;4.92;0;138476;1124649;617;1.66;327195;3498682;617;3.71;3;145019;1470841;-1;600;-1;-1;-1;600;0;145019;1610821;617;2.03;338633;5184148;617;3.31
37;Instance-20-10-44-3;44;0;186891;2754184;611;2.73;324656;6207298;611;4.01;0;309169;1908177;611;2.27;566901;3624987;611;3.37;0;731727;3309099;611;4.76;1510337;7406338;611;7.05;0;681495;2299555;611;2.95;1301336;4385317;611;4.34;0;432877;2041964;611;2.39;810514;3881959;611;3.6;0;224655;2148954;611;2.59;381999;4209440;611;3.76;0;432877;2041964;611;2.7;810514;3881959;611;3.86;0;432877;2041964;611;2.47;810514;3881959;611;3.61;0;432877;2041964;611;2.65;810514;3881959;611;3.95;0;432877;2041964;611;2.28;810514;3881959;611;3.76;0;224655;2148954;611;2.29;381999;4209440;611;3.18;3;233637;2880118;-1;600;-1;-1;-1;600;0;233637;3148006;611;2.64;394657;6294251;611;3.77
38;Instance-20-10-44-7;44;0;165212;2223356;674;1.75;236042;3841520;674;2.4;0;267780;1632426;674;1.72;399522;2506585;674;2.33;0;606216;2674088;674;4.44;990565;4607625;674;5.81;0;580389;1963242;674;3.34;896343;3025555;674;4.16;0;371754;1746128;674;1.83;564392;2683037;674;2.49;0;199921;1817299;674;1.89;281673;2851877;674;2.61;0;371754;1746128;674;4.17;564392;2683037;674;5.07;0;371754;1746128;674;1.9;564392;2683037;674;2.69;0;371754;1746128;674;4.2;564392;2683037;674;4.96;0;371754;1746128;674;1.85;564392;2683037;674;3;0;199921;1817299;674;1.8;281673;2851877;674;2.46;3;208421;2424169;-1;600;-1;-1;-1;600;0;208421;2651817;674;2.07;292194;4208098;674;2.71
39;Instance-20-10-46-0;46;0;213321;3377503;659;8.63;557214;13091417;659;19.85;0;358164;2234290;659;10.54;1006266;6577020;659;23.46;0;876011;4050915;659;14.85;2916949;15469127;659;30.82;0;798229;2694744;659;7.43;2359698;7964214;659;21.35;0;504257;2391105;659;8.33;1456544;7045273;659;19.08;0;254775;2534051;659;9.45;642949;7823366;659;19.14;0;504257;2391105;659;23.75;1456544;7045273;659;56.89;0;504257;2391105;659;9.31;1456544;7045273;659;50.79;0;504257;2391105;659;23.55;1456544;7045273;659;35.91;0;504257;2391105;659;4.58;1456544;7045273;659;13.88;0;254775;2534051;659;8.58;642949;7823366;659;50.2;3;264848;3413016;-1;600;-1;-1;-1;600;0;264848;3727070;659;8.88;661494;11806621;659;14.91
40;Instance-20-10-46-3;46;0;113483;1257026;646;1.13;148989;1945098;646;1.5;0;173879;1026152;646;1.04;238907;1454177;646;1.37;0;354857;1506222;646;1.86;531291;2336414;646;2.54;0;359586;1226344;646;1.19;514128;1746523;646;1.61;0;235833;1095928;646;1.04;330255;1554539;646;1.4;0;138264;1117483;646;1.18;180359;1610732;646;1.56;0;235833;1095928;646;1.44;330255;1554539;646;1.99;0;235833;1095928;646;1.11;330255;1554539;646;1.8;0;235833;1095928;646;1.4;330255;1554539;646;1.78;0;235833;1095928;646;1.02;330255;1554539;646;1.56;0;138264;1117483;646;1.08;180359;1610732;646;1.48;3;145028;1459931;-1;600;-1;-1;-1;600;0;145028;1599653;646;1.24;188486;2329957;646;1.6
41;Instance-20-10-46-7;46;0;189131;2842743;653;6.47;434414;9445321;653;10.11;0;313462;1954971;653;5.25;774133;5047827;653;11.81;0;745696;3409368;653;10.73;2170662;11197070;653;20.29;0;691910;2352539;653;5.72;1799523;6102451;653;11.23;0;439093;2090662;653;5.64;1115142;5404337;653;10.86;0;226933;2200018;653;6.4;505177;5941894;653;10.57;0;439093;2090662;653;11.04;1115142;5404337;653;36.82;0;439093;2090662;653;6.17;1115142;5404337;653;31.46;0;439093;2090662;653;11.39;1115142;5404337;653;17.51;0;439093;2090662;653;5.16;1115142;5404337;653;50.17;0;226933;2200018;653;5.57;505177;5941894;653;21.93;3;236293;2941409;-1;600;-1;-1;-1;600;0;236293;3213049;653;4.53;520859;8910082;653;8.6
42;Instance-20-10-48-0;48;0;140393;1805773;717;5.35;697551;17816887;700;10.82;0;223768;1356930;717;4.15;1274437;8418282;700;9.9;0;494163;2168193;717;8.83;3812706;20952310;700;16.96;0;478959;1628308;717;4.57;3009940;10191048;700;11.45;0;308709;1450521;717;3.7;1852609;9016722;700;10.12;0;169881;1501493;717;4.55;798027;10078806;700;9.91;0;308709;1450521;717;5.58;1852609;9016722;700;20.35;0;308709;1450521;717;4.15;1852609;9016722;700;19.77;0;308709;1450521;717;5.73;1852609;9016722;700;11.96;3;308709;1450521;717;3.64;1852609;9016722;-1;600;0;169881;1501493;717;4;798027;10078806;700;13.83;3;177886;1980896;-1;600;-1;-1;-1;600;0;177886;2168202;717;4.43;820028;15223807;700;9.16
43;Instance-20-10-48-3;48;0;179216;2617804;673;2.2;255200;4468581;673;3;0;295240;1832044;673;1.96;437185;2781894;673;2.68;0;693345;3141630;673;3.83;1116859;5341780;673;5.36;0;648637;2203996;673;2.42;989584;3356640;673;3.32;0;412408;1958909;673;2.04;620284;2976533;673;2.81;0;215467;2056913;673;2.19;302546;3187712;673;2.95;0;412408;1958909;673;2.62;620284;2976533;673;3.96;0;412408;1958909;673;2.04;620284;2976533;673;3.18;0;412408;1958909;673;2.53;620284;2976533;673;3.34;0;412408;1958909;673;2.01;620284;2976533;673;3.7;0;215467;2056913;673;1.96;302546;3187712;673;2.84;3;224790;2740516;-1;600;-1;-1;-1;600;0;224790;2994746;673;2.41;314075;4687985;673;3.2
44;Instance-20-10-48-7;48;0;147212;2002652;647;2.37;318464;6338110;647;3.92;0;237408;1449363;647;2.16;557961;3596248;647;3.54;0;538941;2402893;647;4.32;1506332;7538632;647;6.81;0;512723;1740625;647;2.71;1283480;4346288;647;4.52;0;329010;1549477;647;2.07;798644;3849585;647;3.61;0;177141;1613893;647;2.31;373232;4188203;647;3.75;0;329010;1549477;647;4.27;798644;3849585;647;8.28;0;329010;1549477;647;2.21;798644;3849585;647;5.74;0;329010;1549477;647;4.25;798644;3849585;647;5.76;0;329010;1549477;647;2.06;798644;3849585;647;17.89;0;177141;1613893;647;1.99;373232;4188203;647;6.18;3;185190;2135037;-1;600;-1;-1;-1;600;0;185190;2335651;647;2.49;386220;6221602;647;3.8
45;Instance-20-10-50-0;50;0;147114;1965057;687;3.45;433574;9835562;687;6.34;0;237267;1441966;687;2.66;776310;5052501;687;6.71;0;534238;2360871;687;5.77;2211899;11628721;687;12;0;512561;1733756;687;3.44;1812440;6117475;687;8.13;0;328620;1542009;687;2.8;1120186;5411211;687;7.03;0;177812;1603790;687;3.03;502006;5973032;687;5.9;0;328620;1542009;687;4.52;1120186;5411211;687;12.05;0;328620;1542009;687;2.94;1120186;5411211;687;8.54;0;328620;1542009;687;4.49;1120186;5411211;687;9.73;0;328620;1542009;687;2.66;1120186;5411211;687;7.42;0;177812;1603790;687;2.68;502006;5973032;687;9.19;3;186261;2115747;-1;600;-1;-1;-1;600;0;186261;2316341;687;3.43;518215;8947992;687;7.14
46;Instance-20-10-50-3;50;0;161884;2297248;682;3.08;379515;8155099;682;5.1;0;264407;1629388;682;2.56;673633;4379953;682;4.35;0;612037;2756549;682;5.22;1876757;9666224;682;8.62;0;576672;1958808;682;3.15;1563112;5296141;682;5.68;0;368252;1742381;682;2.51;969007;4689210;682;4.23;0;194993;1824092;682;2.91;441738;5141391;682;4.79;0;368252;1742381;682;5.85;969007;4689210;682;10.55;0;368252;1742381;682;2.65;969007;4689210;682;6.28;0;368252;1742381;682;5.76;969007;4689210;682;7.93;0;368252;1742381;682;2.48;969007;4689210;682;4.51;0;194993;1824092;682;2.55;441738;5141391;682;5.36;3;203856;2415519;-1;600;-1;-1;-1;600;0;203856;2641783;682;3.12;456555;7659052;682;4.98
47;Instance-20-10-50-7;50;0;155859;2182269;550;8.51;725508;19212075;550;25.98;0;254392;1561188;550;16.38;1329698;8802039;550;54.83;0;586642;2621860;550;16.59;4023639;22530565;550;72.25;0;554585;1877966;550;12.85;3146300;10655847;550;63.61;0;354155;1669759;550;9.47;1935058;9427758;550;58.25;0;187777;1745612;550;8.43;826810;10547837;550;27.61;0;354155;1669759;550;14.92;1935058;9427758;550;83.45;0;354155;1669759;550;9.93;1935058;9427758;550;74.3;0;354155;1669759;550;15.14;1935058;9427758;550;50.29;0;354155;1669759;550;6.41;1935058;9427758;550;29.88;0;187777;1745612;550;7.36;826810;10547837;550;67.19;3;196291;2316660;-1;600;-1;-1;-1;600;0;196291;2534092;550;19.47;849776;15929822;550;53.25
48;Instance-20-10-52-0;52;0;202592;3349971;729;8.34;903540;25711678;719;19.01;0;341683;2163681;729;6.56;1671086;11183817;719;32.79;0;849088;4006289;729;14.45;5186638;30017640;719;54.84;0;764294;2604989;729;16.05;3973081;13525531;719;42.3;0;482016;2313836;729;6.68;2439942;11975537;719;38.96;0;241004;2461788;729;6.53;1021314;13454724;719;17.94;0;482016;2313836;729;14.65;2439942;11975537;719;71.75;0;482016;2313836;729;7.02;2439942;11975537;719;37.62;0;482016;2313836;729;14.6;2439942;11975537;719;47.71;0;482016;2313836;729;5.65;2439942;11975537;719;26.12;0;241004;2461788;729;5.7;1021314;13454724;719;23.14;3;251240;3286562;-1;600;-1;-1;-1;600;0;251240;3587194;729;8.21;1048558;20325912;719;34.81
49;Instance-20-10-52-3;52;0;214397;3637646;699;4.81;414236;9462385;699;8.22;0;363882;2305840;699;10.6;741560;4850994;699;13.43;0;915003;4348403;699;8.1;2114601;11176939;699;14.04;0;817666;2778924;699;5.75;1731028;5867908;699;9.43;0;514593;2466702;699;4.91;1070098;5193721;699;8.13;0;254707;2631757;699;4.44;479293;5725228;699;6.93;0;514593;2466702;699;19.51;1070098;5193721;699;37.57;0;514593;2466702;699;5.14;1070098;5193721;699;19.88;0;514593;2466702;699;19.6;1070098;5193721;699;22.79;0;514593;2466702;699;5.08;1070098;5193721;699;18.41;0;254707;2631757;699;3.87;479293;5725228;699;13.88;3;265314;3523718;-1;600;-1;-1;-1;600;0;265314;3845702;699;4.12;495195;8544277;699;7.43
50;Instance-20-10-52-7;52;0;166065;2434471;779;3.27;357138;7659793;779;5.47;0;272831;1691975;779;2.51;632951;4119510;779;4.67;0;641362;2918911;779;6.25;1759599;9075442;779;10.31;0;598670;2035199;779;3.76;1467820;4980004;779;6.14;0;381029;1809316;779;3.11;909970;4409717;779;5.38;0;199389;1900176;779;4.11;415888;4832996;779;6.05;0;381029;1809316;779;7.06;909970;4409717;779;12.55;0;381029;1809316;779;3.2;909970;4409717;779;7.82;0;381029;1809316;779;6.99;909970;4409717;779;9.62;0;381029;1809316;779;2.94;909970;4409717;779;32.83;0;199389;1900176;779;3.75;415888;4832996;779;6.06;3;208573;2518836;-1;600;-1;-1;-1;600;0;208573;2753532;779;3.43;430393;7175039;779;5.83
51;Instance-20-10-54-0;54;0;194444;3074072;810;4.88;478601;11563685;810;7.68;0;325838;2032215;810;7.41;864234;5652859;810;9.85;0;795005;3684516;810;7;2519247;13619728;810;11.61;0;725392;2450521;810;4.02;2028156;6846259;810;7;0;458550;2174810;810;8.13;1251029;6055051;810;10.9;0;232408;2303533;810;11.62;550987;6712368;810;14.41;0;458550;2174810;810;34.84;1251029;6055051;810;40.34;0;458550;2174810;810;8.41;1251029;6055051;810;13.67;0;458550;2174810;810;36.34;1251029;6055051;810;39.51;0;458550;2174810;810;8.27;1251029;6055051;810;76.46;0;232408;2303533;810;10.72;550987;6712368;810;15.27;3;242800;3070719;-1;600;-1;-1;-1;600;0;242800;3356147;810;3.7;568951;10047936;810;6.02
52;Instance-20-10-54-3;54;0;146906;2020411;743;9.58;574038;14938711;743;22.2;0;238370;1461587;743;8.06;1046412;6922752;743;33.9;0;543506;2425465;743;12.98;3134202;17515655;743;42.93;0;517226;1756355;743;10.66;2470807;8379218;743;32.1;0;331046;1562717;743;9.75;1519944;7413064;743;35.7;0;177178;1627869;743;8.52;655613;8265889;743;24.58;0;331046;1562717;743;26.47;1519944;7413064;743;49.16;0;331046;1562717;743;10.07;1519944;7413064;743;32.26;0;331046;1562717;743;26.07;1519944;7413064;743;49.37;0;331046;1562717;743;6.64;1519944;7413064;743;77.54;0;177178;1627869;743;7.75;655613;8265889;743;31.65;3;185936;2140432;-1;600;-1;-1;-1;600;0;185936;2343066;743;8.1;675659;12414821;743;35.43
53;Instance-20-10-54-7;54;0;142536;1889013;773;7.79;796223;22423477;773;27.86;0;229771;1400173;773;8.74;1469109;9762138;773;48.2;0;515865;2270860;773;13.9;4536488;26184544;773;65.01;0;496108;1682473;773;10.37;3489661;11819732;773;43.37;0;318364;1497284;773;7.46;2143283;10457114;773;38.06;0;172466;1554587;773;7.13;901423;11732507;773;31.32;0;318364;1497284;773;10.89;2143283;10457114;773;60.68;0;318364;1497284;773;7.56;2143283;10457114;773;49.91;0;318364;1497284;773;11.17;2143283;10457114;773;40.69;0;318364;1497284;773;6.71;2143283;10457114;773;41.97;0;172466;1554587;773;6.26;901423;11732507;773;36.95;3;181085;2042039;-1;600;-1;-1;-1;600;0;181085;2236419;773;11.09;926673;17717978;773;74.87
54;Instance-20-10-56-0;56;0;185878;3062425;791;7.29;626800;17204779;791;22.33;0;312610;1965012;791;15.62;1150375;7626881;791;40.48;0;774859;3660563;791;16.67;3511893;20106998;791;46.11;0;697170;2366722;791;13.11;2726064;9234369;791;39.29;0;440540;2102099;791;9.32;1675076;8168708;791;28.33;0;221230;2236986;791;9.48;711677;9139511;791;26.2;0;440540;2102099;791;20.18;1675076;8168708;791;67.96;0;440540;2102099;791;9.7;1675076;8168708;791;65.62;0;440540;2102099;791;22.19;1675076;8168708;791;40.87;0;440540;2102099;791;24.77;1675076;8168708;791;49.6;0;221230;2236986;791;8.52;711677;9139511;791;51.6;3;231325;2973171;-1;600;-1;-1;-1;600;0;231325;3247599;791;20.17;733034;13748472;791;53.44
55;Instance-20-10-56-3;56;0;187173;3096870;724;5.44;495232;12615273;724;10.07;0;314892;1986730;724;6.44;898914;5938175;724;13.32;0;781314;3700207;724;9.8;2667314;14802364;724;17.93;0;702916;2392098;724;6.23;2116350;7184123;724;13.74;0;443895;2124929;724;6.77;1303774;6358044;724;13.37;0;222671;2260785;724;5.75;566825;7069272;724;11.33;0;443895;2124929;724;18.4;1303774;6358044;724;34.67;0;443895;2124929;724;6.95;1303774;6358044;724;32.48;0;443895;2124929;724;19.52;1303774;6358044;724;25.32;0;443895;2124929;724;6.36;1303774;6358044;724;13.22;0;222671;2260785;724;4.86;566825;7069272;724;21.78;3;232797;3005325;-1;600;-1;-1;-1;600;0;232797;3281981;724;6.28;585105;10568944;724;14.64
56;Instance-20-10-56-7;56;0;160759;2353408;780;13.89;998494;30170984;780;70.36;1;264344;1624607;780;17.72;1857926;12364061;780;600;1;621782;2823346;780;25.12;5874775;35070977;780;600;0;579840;1956889;780;19.76;4434549;14981611;780;94.7;0;369215;1738393;780;11.84;2718564;13248411;780;94.85;0;193207;1826791;780;10.17;1121482;14917891;780;59.63;1;369215;1738393;780;25.42;2718564;13248411;780;600;1;369215;1738393;780;12.48;2718564;13248411;780;600;1;369215;1738393;780;26.83;2718564;13248411;780;600;3;369215;1738393;780;6.65;2718564;13248411;-1;600;1;193207;1826791;780;9.04;1121482;14917891;780;600;3;202688;2409645;-1;600;-1;-1;-1;600;1;202688;2637411;780;19.34;1151779;22600283;780;600
57;Instance-20-10-58-0;58;2;233774;4263528;-1;600;-1;-1;1189;600;2;402086;2556918;-1;600;-1;-1;1007;600;2;1043176;5083336;-1;600;-1;-1;1685;600;2;912416;3087078;-1;600;-1;-1;1770;600;2;571574;2736812;-1;600;-1;-1;1757;600;1;276287;2944440;746;68.9;1303391;17643838;746;600;2;571574;2736812;-1;600;-1;-1;746;600;2;571574;2736812;-1;600;-1;-1;1757;600;2;571574;2736812;-1;600;-1;-1;746;600;2;571574;2736812;-1;600;-1;-1;1757;600;1;276287;2944440;746;65.13;1303391;17643838;746;600;3;288176;3938084;-1;600;-1;-1;-1;600;2;288176;4298168;-1;600;-1;-1;943;600
58;Instance-20-10-58-3;58;0;156702;2335449;770;7.62;635521;17752373;770;17.9;0;258103;1598287;770;12.84;1167601;7744354;770;52.34;0;610934;2798138;770;18.32;3579936;20713958;770;86.74;0;567171;1923431;770;12.99;2771438;9381180;770;56.4;0;360718;1709359;770;15.51;1700743;8294666;770;73.3;0;187922;1799708;770;7.17;720485;9281238;770;18.4;1;360718;1709359;770;30.63;1700743;8294666;770;600;0;360718;1709359;770;15.94;1700743;8294666;770;89.88;0;360718;1709359;770;31.94;1700743;8294666;770;83.41;0;360718;1709359;770;8.37;1700743;8294666;770;22.72;0;187922;1799708;770;6.35;720485;9281238;770;83.49;3;197279;2369999;-1;600;-1;-1;-1;600;0;197279;2592485;770;20.04;742507;13950859;770;86.44
59;Instance-20-10-58-7;58;0;196859;3394950;678;4.01;448787;11252787;678;6.5;0;333833;2127790;678;3.1;811449;5375093;678;5.34;0;843116;4050463;678;6.98;2388940;13206897;678;11.09;0;749497;2560910;678;4.39;1905809;6496065;678;7.26;0;472031;2275244;678;3.04;1175289;5752890;678;5.27;0;233417;2430427;678;3.63;514574;6383573;678;5.86;0;472031;2275244;678;6.76;1175289;5752890;678;13.25;0;472031;2275244;678;3.29;1175289;5752890;678;7.29;0;472031;2275244;678;6.94;1175289;5752890;678;9.51;0;472031;2275244;678;3.19;1175289;5752890;678;5.69;0;233417;2430427;678;3.09;514574;6383573;678;5.97;3;243995;3227685;-1;600;-1;-1;-1;600;0;243995;3522899;678;4.3;531965;9498530;678;6.41
60;Instance-20-10-60-0;60;1;165659;2482554;837;19.05;966193;30294728;837;600;1;274009;1693502;837;37.11;1800886;12011838;837;600;1;651872;2977659;837;34.94;5739832;35090660;837;600;1;603662;2039866;837;31.81;4306832;14557634;837;600;1;383621;1812006;837;37.58;2636717;12869962;837;600;1;198718;1908084;837;27.39;1081559;14486932;837;600;1;383621;1812006;837;68.39;2636717;12869962;837;600;1;383621;1812006;837;40;2636717;12869962;837;600;1;383621;1812006;837;69.88;2636717;12869962;837;600;3;383621;1812006;837;59.35;2636717;12869962;-1;600;1;198718;1908084;837;25.97;1081559;14486932;837;600;3;208728;2516930;-1;600;-1;-1;-1;600;1;208728;2754138;837;32.04;1111777;21905148;837;600
61;Instance-20-10-60-3;60;0;183734;2947635;871;6.03;507731;13256879;871;11.88;0;307828;1931312;871;4.38;923493;6107840;871;9.94;0;753243;3526428;871;9.26;2757164;15521440;871;17.96;0;685126;2326298;871;6.27;2178023;7391526;871;12.37;0;433066;2065834;871;5.28;1340335;6539810;871;12.04;0;219452;2190941;871;6.43;580097;7272957;871;12.08;0;433066;2065834;871;8.18;1340335;6539810;871;23.94;0;433066;2065834;871;5.67;1340335;6539810;871;22.13;0;433066;2065834;871;8.77;1340335;6539810;871;16.05;0;433066;2065834;871;4.78;1340335;6539810;871;12.46;0;219452;2190941;871;5.71;580097;7272957;871;21.05;3;230122;2890710;-1;600;-1;-1;-1;600;0;230122;3160046;871;6.82;599563;10851046;871;11.65
62;Instance-20-10-60-7;60;0;122647;1545168;906;12.08;624189;17522824;906;55.08;1;193853;1164274;906;17.83;1146638;7604298;906;600;1;422501;1852760;906;17.77;3515394;20430945;906;600;1;412087;1397066;906;15.66;2721070;9211066;906;600;0;266411;1244570;906;16.49;1670139;8144715;906;75.1;0;148579;1286872;906;9.03;707649;9108193;906;49.58;1;266411;1244570;906;43.78;1670139;8144715;906;600;1;266411;1244570;906;17.48;1670139;8144715;906;600;1;266411;1244570;906;45.87;1670139;8144715;906;600;3;266411;1244570;906;19.68;1670139;8144715;-1;600;1;148579;1286872;906;8.1;707649;9108193;906;600;3;156919;1667078;-1;600;-1;-1;-1;600;0;156919;1827884;906;9.93;729857;13675083;906;80.67
63;Instance-20-10-62-0;62;0;213641;3816083;809;9.06;697201;20726457;809;16.03;0;365894;2310380;809;5.81;1288823;8551250;809;13.08;0;940789;4552952;809;14.38;4025083;24072018;809;25.43;0;828026;2791142;809;9.08;3069095;10364504;809;17.55;0;519277;2473484;809;5.94;1881559;9161665;809;13.44;0;252928;2655199;809;6.07;785644;10276091;809;12.17;0;519277;2473484;809;12.28;1881559;9161665;809;49.27;0;519277;2473484;809;6.3;1881559;9161665;809;54.44;0;519277;2473484;809;11.97;1881559;9161665;809;20.57;0;519277;2473484;809;7.56;1881559;9161665;809;21.11;0;252928;2655199;809;5.13;785644;10276091;809;31.85;3;264638;3534010;-1;600;-1;-1;-1;600;0;264638;3860440;809;9.62;809758;15465407;809;16.38
64;Instance-20-10-62-3;62;0;188147;3078849;884;8.2;707345;20890404;884;17.82;0;317121;1981838;884;8.22;1307426;8661268;884;17.38;0;784166;3684225;884;14.22;4076258;24277349;884;30.59;0;708947;2391516;884;16.14;3114464;10502560;884;29.92;0;447153;2121227;884;10.02;1908531;9280405;884;22.25;0;224587;2256380;884;6.66;797638;10406021;884;15.5;0;447153;2121227;884;37.56;1908531;9280405;884;71.99;0;447153;2121227;884;11.18;1908531;9280405;884;45.05;0;447153;2121227;884;37.55;1908531;9280405;884;49.71;3;447153;2121227;884;11.38;1908531;9280405;-1;600;0;224587;2256380;884;5.61;797638;10406021;884;23;3;235587;2983702;-1;600;-1;-1;-1;600;0;235587;3262826;884;10.29;822168;15665576;884;19.76
65;Instance-20-10-62-7;62;0;198481;3396730;797;14.66;1579804;54738515;773;51.5;1;337595;2115871;797;15.39;2979864;19985995;797;600;1;854326;4061863;797;26.57;9810519;63000153;797;600;1;759848;2555761;797;16.17;7163293;24217359;797;600;1;477871;2265435;797;12.7;4381064;21418118;797;600;0;235598;2424063;797;12.21;1747824;24229744;773;43.74;1;477871;2265435;797;45.58;4381064;21418118;788;600;1;477871;2265435;797;13.77;4381064;21418118;783;600;1;477871;2265435;797;45.35;4381064;21418118;797;600;1;477871;2265435;797;10.99;4381064;21418118;1653;600;1;235598;2424063;797;10.62;1747824;24229744;777;600;3;246775;3220351;-1;600;-1;-1;-1;600;1;246775;3519777;797;19.46;1792555;36816531;797;600
66;Instance-20-10-64-0;64;1;201238;3536148;897;27.23;647976;19176083;897;600;1;342664;2176218;897;22.84;1195597;7984010;897;600;1;871738;4215989;897;41.57;3720423;22265160;897;600;1;772240;2623782;897;34.4;2846020;9666464;897;600;1;485140;2328035;897;37.64;1744248;8549291;897;600;1;238673;2493705;897;12.01;730806;9574750;897;600;1;485140;2328035;897;94.19;1744248;8549291;897;600;1;485140;2328035;897;41.54;1744248;8549291;897;600;1;485140;2328035;897;95.57;1744248;8549291;897;600;3;485140;2328035;897;43.23;1744248;8549291;-1;600;1;238673;2493705;897;10.41;730806;9574750;897;600;3;250128;3303484;-1;600;-1;-1;-1;600;1;250128;3607496;897;29.41;754003;14347201;897;600
67;Instance-20-10-64-3;64;1;217209;3838010;1018;47.81;1457871;50915934;1018;600;1;371069;2342524;1018;65.95;2747927;18451157;1018;600;0;-1;-1;-1;600;-1;-1;-1;600;1;837989;2828680;1018;67.01;6606132;22355551;1018;600;3;526149;2507714;1018;97.37;4039077;19771173;-1;600;1;257569;2687322;1018;52.86;1612997;22343455;1018;600;1;526149;2507714;1018;55.21;4039077;19771173;1018;600;2;526149;2507714;-1;600;-1;-1;1433;600;1;526149;2507714;1018;56.54;4039077;19771173;1018;600;1;526149;2507714;1018;88.73;4039077;19771173;1594;600;1;257569;2687322;1018;48.12;1612997;22343455;1018;600;3;269881;3569106;-1;600;-1;-1;-1;600;3;269881;3899598;1018;89.77;-1;-1;-1;600
68;Instance-20-10-64-7;64;1;168892;2564304;970;21.92;723561;21802609;970;600;1;280336;1728744;970;57.83;1339425;8884178;970;600;1;671702;3076090;970;51.79;4200271;25297368;970;600;1;619795;2085336;970;27.24;3194433;10773692;970;600;1;392974;1850358;970;37.72;1956343;9519145;970;600;1;202418;1952821;970;38.32;814285;10685505;970;600;1;392974;1850358;970;40.81;1956343;9519145;970;600;1;392974;1850358;970;42.33;1956343;9519145;970;600;1;392974;1850358;970;41.81;1956343;9519145;970;600;3;392974;1850358;970;78.97;1956343;9519145;-1;600;1;202418;1952821;970;35.22;814285;10685505;970;600;3;213030;2571321;-1;600;-1;-1;-1;600;1;213030;2814921;970;59.05;839605;16078501;970;600
69;Instance-20-10-66-0;66;0;239970;4355198;930;10.68;904425;29203846;930;22.34;0;414601;2616101;930;11.34;1687245;11219427;930;35.21;0;1077636;5203385;930;19.68;5408096;33728125;930;66.7;0;944358;3166263;930;9.83;4041456;13612185;930;30.6;0;590208;2802229;930;18.06;2471007;12023797;930;44.93;0;283797;3013471;930;8.17;1014283;13775727;930;21.81;1;590208;2802229;930;71.57;2471007;12023797;930;600;0;590208;2802229;930;19.42;2471007;12023797;930;77.82;0;590208;2802229;930;73.56;2471007;12023797;930;96.85;3;590208;2802229;930;17.49;2471007;12023797;-1;600;0;283797;3013471;930;7.1;1014283;13775727;930;46.44;3;297157;4015344;-1;600;-1;-1;-1;600;0;297157;4387922;930;12.77;1044423;20668004;930;34.29
70;Instance-20-10-66-3;66;1;146213;2095007;993;22.53;1232272;42911339;993;600;1;238976;1470531;993;19.1;2318604;15559520;993;600;1;554924;2512046;993;41.73;7618978;49323034;993;600;1;522224;1769619;993;19.11;5572581;18855494;993;600;1;332999;1572882;993;25.32;3406020;16671925;993;600;1;176114;1647300;993;17.53;1373168;19365584;993;600;1;332999;1572882;993;36.89;3406020;16671925;993;600;1;332999;1572882;993;28.9;3406020;16671925;993;600;1;332999;1572882;993;36.57;3406020;16671925;993;600;1;332999;1572882;993;20.84;3406020;16671925;1597;600;1;176114;1647300;993;18.2;1373168;19365584;993;600;3;185955;2146302;-1;600;-1;-1;-1;600;1;185955;2351148;993;49.44;1410612;29046335;993;600
71;Instance-20-10-66-7;66;2;202935;3651005;-1;600;-1;-1;1214;600;2;345991;2199514;-1;600;-1;-1;1957;600;2;887046;4344504;-1;600;-1;-1;1294;600;2;780002;2651304;-1;600;-1;-1;1750;600;2;490221;2353132;-1;600;-1;-1;1945;600;2;240239;2525046;-1;600;-1;-1;1930;600;2;490221;2353132;-1;600;-1;-1;1189;600;2;490221;2353132;-1;600;-1;-1;1945;600;2;490221;2353132;-1;600;-1;-1;1189;600;2;490221;2353132;-1;600;-1;-1;1945;600;2;240239;2525046;-1;600;-1;-1;1930;600;3;252069;3331971;-1;600;-1;-1;-1;600;2;252069;3639377;-1;600;-1;-1;1660;600
72;Instance-20-10-68-0;68;1;269999;5400454;992;75.84;1488325;54245280;992;600;3;472517;3022076;992;96.24;2812601;18887009;-1;600;2;1274864;6416211;-1;600;-1;-1;1339;600;2;1085484;3655840;-1;600;-1;-1;2167;600;2;676117;3236568;-1;600;-1;-1;2289;600;1;316483;3513464;992;66.07;1652547;23709133;992;600;2;676117;3236568;-1;600;-1;-1;1872;600;2;676117;3236568;-1;600;-1;-1;2289;600;2;676117;3236568;-1;600;-1;-1;1872;600;3;676117;3236568;992;95.09;4137917;20240519;-1;600;1;316483;3513464;992;63.04;1652547;23709133;992;600;3;330801;4699129;-1;600;-1;-1;-1;600;2;330801;5128405;-1;600;-1;-1;1498;600
73;Instance-20-10-68-3;68;1;123502;1649669;1019;15.98;1277084;45851270;1019;600;1;197512;1199362;1019;12.83;2407894;16199547;1019;600;1;442342;1976011;1019;27.69;7988875;52588000;1019;600;1;423792;1439744;1019;15.61;5796933;19631245;1019;600;1;272746;1282098;1019;15.28;3539676;17356268;1019;600;1;149096;1333434;1019;14.1;1419967;20263084;1019;600;1;272746;1282098;1019;55.65;3539676;17356268;1019;600;1;272746;1282098;1019;17.09;3539676;17356268;1019;600;1;272746;1282098;1019;53.37;3539676;17356268;1019;600;3;272746;1282098;1019;10.11;3539676;17356268;-1;600;1;149096;1333434;1019;12.65;1419967;20263084;1019;600;3;158046;1719466;-1;600;-1;-1;-1;600;1;158046;1885238;1019;24.16;1458655;30341110;1019;600
74;Instance-20-10-68-7;68;3;195070;3292311;977;97.18;1152267;40329669;-1;600;2;330510;2070646;-1;600;-1;-1;1996;600;2;828640;3935305;-1;600;-1;-1;1221;600;2;741597;2499568;-1;600;-1;-1;1725;600;2;467100;2216660;-1;600;-1;-1;1970;600;2;232144;2364481;-1;600;-1;-1;1880;600;2;467100;2216660;-1;600;-1;-1;978;600;2;467100;2216660;-1;600;-1;-1;1970;600;2;467100;2216660;-1;600;-1;-1;978;600;2;467100;2216660;-1;600;-1;-1;1970;600;2;232144;2364481;-1;600;-1;-1;1880;600;3;244085;3118693;-1;600;-1;-1;-1;600;2;244085;3410955;-1;600;-1;-1;1515;600
75;Instance-20-10-70-0;70;1;165176;2619088;894;93.05;1042121;36570516;894;600;2;276269;1726336;-1;600;-1;-1;1757;600;2;674072;3136386;-1;600;-1;-1;1483;600;2;614103;2080068;-1;600;-1;-1;1353;600;2;388526;1846995;-1;600;-1;-1;1727;600;1;197273;1957182;894;73.69;1161072;16384369;894;600;2;388526;1846995;-1;600;-1;-1;895;600;2;388526;1846995;-1;600;-1;-1;1727;600;2;388526;1846995;-1;600;-1;-1;895;600;2;388526;1846995;-1;600;-1;-1;1727;600;1;197273;1957182;894;72.33;1161072;16384369;894;600;3;208002;2564921;-1;600;-1;-1;-1;600;2;208002;2806311;-1;600;-1;-1;1460;600
76;Instance-20-10-70-3;70;3;202586;3716526;921;97.22;-1;-1;-1;600;2;347307;2207127;-1;600;-1;-1;1998;600;2;900379;4423365;-1;600;-1;-1;1089;600;2;786006;2663025;-1;600;-1;-1;1912;600;2;493026;2361892;-1;600;-1;-1;1945;600;2;239196;2541721;-1;600;-1;-1;1492;600;2;493026;2361892;-1;600;-1;-1;928;600;2;493026;2361892;-1;600;-1;-1;1945;600;2;493026;2361892;-1;600;-1;-1;928;600;2;493026;2361892;-1;600;-1;-1;1945;600;2;239196;2541721;-1;600;-1;-1;1492;600;3;251213;3359145;-1;600;-1;-1;-1;600;2;251213;3668895;-1;600;-1;-1;1139;600
77;Instance-20-10-70-7;70;1;170558;2915359;904;14.94;581263;17571714;904;600;1;287558;1815245;904;23.28;1072676;7143309;904;600;1;721850;3474895;904;27.26;3355341;20360589;904;600;1;642798;2186005;904;80.72;2553079;8651959;904;600;1;405686;1941617;904;50.45;1565037;7650467;904;600;1;202412;2074053;904;30.02;655850;8665189;904;600;2;405686;1941617;-1;600;-1;-1;904;600;1;405686;1941617;904;54.69;1565037;7650467;904;600;2;-1;-1;-1;600;-1;-1;-1;600;3;405686;1941617;904;68.71;1565037;7650467;-1;600;1;202412;2074053;904;28.81;655850;8665189;904;600;3;213226;2718719;-1;600;-1;-1;-1;600;1;213226;2971793;904;50.78;678160;12886151;904;600
